Workbook

Sheet Dashboard
A1: Risk Tolerance IQ
A3: Overall Cyber Risk Appetite | E3: Category | F3: Score
A4: Score | B4: =Calculations!$B$12 | E4: =Calculations!$A$17 -> Business Impact | F4: =Calculations!$B$17 -> 0
A5: Label | B5: =Calculations!$B$13 -> Not started | E5: =Calculations!$A$18 -> Financial Exposure | F5: =Calculations!$B$18 -> 0
A6: Questions Answered | B6: =Calculations!$B$11&" / 35" -> 0 / 35 | E6: =Calculations!$A$19 -> Regulatory & Legal | F6: =Calculations!$B$19 -> 0
A7: Completion | B7: =Calculations!$B$11/35 -> 0 | E7: =Calculations!$A$20 -> Data & Privacy | F7: =Calculations!$B$20 -> 0
E8: =Calculations!$A$21 -> Reputation & Trust | F8: =Calculations!$B$21 -> 0
E9: =Calculations!$A$22 -> Third-Party Risk | F9: =Calculations!$B$22 -> 0
A10: Category | B10: Score | C10: Label | E10: =Calculations!$A$23 -> Innovation & Growth | F10: =Calculations!$B$23 -> 0
A11: Business Impact | B11: =Calculations!$B$2 | C11: =Calculations!$C$2
A12: Financial Exposure | B12: =Calculations!$B$3 | C12: =Calculations!$C$3
A13: Regulatory & Legal | B13: =Calculations!$B$4 | C13: =Calculations!$C$4
A14: Data & Privacy | B14: =Calculations!$B$5 | C14: =Calculations!$C$5
A15: Reputation & Trust | B15: =Calculations!$B$6 | C15: =Calculations!$C$6
A16: Third-Party Risk | B16: =Calculations!$B$7 | C16: =Calculations!$C$7
A17: Innovation & Growth | B17: =Calculations!$B$8 | C17: =Calculations!$C$8
A20: =Calculations!$B$26
A22: =Calculations!$B$28
A24: Suggested Governance Actions
A25: =Calculations!$B$35 -> Complete the questionnaire to generate suggested governance actions.
A26: =Calculations!$B$36
A27: =Calculations!$B$37
A28: =Calculations!$B$38
A29: =Calculations!$B$39
A30: =Calculations!$B$40
A31: =Calculations!$B$41
A32: =Calculations!$B$42
A33: =Calculations!$B$43

Sheet Questionnaire
A1: Risk Tolerance IQ - Questionnaire
A4: # | B4: Category | C4: Question | D4: Answer (1-5) | E4: Answer Label
A5: 1 | B5: Business Impact | C5: How much disruption to your most critical business process would your organization tolerate? | E5: =IF(TRIM(D5&"")=""," ",IF(D5<1.5,"Very low risk appetite",IF(D5<2.5,"Low risk appetite",IF(D5<3.5,"Moderate risk appetite",IF(D5<4.5,"High risk appetite","Very high risk appetite")))))
A6: 2 | B6: Business Impact | C6: How willing is your organization to accept temporary service outages in exchange for lower operating costs? | E6: =IF(TRIM(D6&"")=""," ",IF(D6<1.5,"Very low risk appetite",IF(D6<2.5,"Low risk appetite",IF(D6<3.5,"Moderate risk appetite",IF(D6<4.5,"High risk appetite","Very high risk appetite")))))
A7: 3 | B7: Business Impact | C7: How much customer-facing downtime could your organization tolerate before it becomes a major business issue? | E7: =IF(TRIM(D7&"")=""," ",IF(D7<1.5,"Very low risk appetite",IF(D7<2.5,"Low risk appetite",IF(D7<3.5,"Moderate risk appetite",IF(D7<4.5,"High risk appetite","Very high risk appetite")))))
A8: 4 | B8: Business Impact | C8: How willing is leadership to delay a product launch due to unresolved cyber risk? | E8: =IF(TRIM(D8&"")=""," ",IF(D8<1.5,"Very low risk appetite",IF(D8<2.5,"Low risk appetite",IF(D8<3.5,"Moderate risk appetite",IF(D8<4.5,"High risk appetite","Very high risk appetite")))))
A9: 5 | B9: Business Impact | C9: How much cyber risk is acceptable if the business opportunity is strategically important? | E9: =IF(TRIM(D9&"")=""," ",IF(D9<1.5,"Very low risk appetite",IF(D9<2.5,"Low risk appetite",IF(D9<3.5,"Moderate risk appetite",IF(D9<4.5,"High risk appetite","Very high risk appetite")))))
A10: 6 | B10: Financial Exposure | C10: How much financial loss from a cyber incident would your organization consider acceptable? | E10: =IF(TRIM(D10&"")=""," ",IF(D10<1.5,"Very low risk appetite",IF(D10<2.5,"Low risk appetite",IF(D10<3.5,"Moderate risk appetite",IF(D10<4.5,"High risk appetite","Very high risk appetite")))))
A11: 7 | B11: Financial Exposure | C11: How willing is your organization to accept higher cyber risk to reduce security spending? | E11: =IF(TRIM(D11&"")=""," ",IF(D11<1.5,"Very low risk appetite",IF(D11<2.5,"Low risk appetite",IF(D11<3.5,"Moderate risk appetite",IF(D11<4.5,"High risk appetite","Very high risk appetite")))))
A12: 8 | B12: Financial Exposure | C12: How comfortable is leadership with relying on cyber insurance instead of additional preventive controls? | E12: =IF(TRIM(D12&"")=""," ",IF(D12<1.5,"Very low risk appetite",IF(D12<2.5,"Low risk appetite",IF(D12<3.5,"Moderate risk appetite",IF(D12<4.5,"High risk appetite","Very high risk appetite")))))
A13: 9 | B13: Financial Exposure | C13: How willing is your organization to accept uncertain cyber costs rather than invest upfront? | E13: =IF(TRIM(D13&"")=""," ",IF(D13<1.5,"Very low risk appetite",IF(D13<2.5,"Low risk appetite",IF(D13<3.5,"Moderate risk appetite",IF(D13<4.5,"High risk appetite","Very high risk appetite")))))
A14: 10 | B14: Financial Exposure | C14: How much budget flexibility exists to address urgent cyber risks when they appear? | E14: =IF(TRIM(D14&"")=""," ",IF(D14<1.5,"Very low risk appetite",IF(D14<2.5,"Low risk appetite",IF(D14<3.5,"Moderate risk appetite",IF(D14<4.5,"High risk appetite","Very high risk appetite")))))
A15: 11 | B15: Regulatory & Legal | C15: How much tolerance does your organization have for regulatory findings or audit exceptions? | E15: =IF(TRIM(D15&"")=""," ",IF(D15<1.5,"Very low risk appetite",IF(D15<2.5,"Low risk appetite",IF(D15<3.5,"Moderate risk appetite",IF(D15<4.5,"High risk appetite","Very high risk appetite")))))
A16: 12 | B16: Regulatory & Legal | C16: How willing is the organization to operate with known compliance gaps for a limited period? | E16: =IF(TRIM(D16&"")=""," ",IF(D16<1.5,"Very low risk appetite",IF(D16<2.5,"Low risk appetite",IF(D16<3.5,"Moderate risk appetite",IF(D16<4.5,"High risk appetite","Very high risk appetite")))))
... A39: 35 | B39: Innovation & Growth | C39: How willing is the organization to accept short-term cyber risk for long-term business growth? | E39: =IF(TRIM(D39&"")=""," ",IF(D39<1.5,"Very low risk appetite",IF(D39<2.5,"Low risk appetite",IF(D39<3.5,"Moderate risk appetite",IF(D39<4.5,"High risk appetite","Very high risk appetite")))))

Sheet Calculations
A1: Category | B1: Score | C1: Label
A2: Business Impact | B2: =IF(COUNTIFS(Questionnaire!$B$5:$B$39,A2,Questionnaire!$D$5:$D$39,">0")=0," ",AVERAGEIF(Questionnaire!$B$5:$B$39,A2,Questionnaire!$D$5:$D$39)) | C2: =IF(TRIM(B2&"")=""," ",IF(B2<1.5,"Very low risk appetite",IF(B2<2.5,"Low risk appetite",IF(B2<3.5,"Moderate risk appetite",IF(B2<4.5,"High risk appetite","Very high risk appetite")))))
A3: Financial Exposure | B3: =IF(COUNTIFS(Questionnaire!$B$5:$B$39,A3,Questionnaire!$D$5:$D$39,">0")=0," ",AVERAGEIF(Questionnaire!$B$5:$B$39,A3,Questionnaire!$D$5:$D$39)) | C3: =IF(TRIM(B3&"")=""," ",IF(B3<1.5,"Very low risk appetite",IF(B3<2.5,"Low risk appetite",IF(B3<3.5,"Moderate risk appetite",IF(B3<4.5,"High risk appetite","Very high risk appetite")))))
A4: Regulatory & Legal | B4: =IF(COUNTIFS(Questionnaire!$B$5:$B$39,A4,Questionnaire!$D$5:$D$39,">0")=0," ",AVERAGEIF(Questionnaire!$B$5:$B$39,A4,Questionnaire!$D$5:$D$39)) | C4: =IF(TRIM(B4&"")=""," ",IF(B4<1.5,"Very low risk appetite",IF(B4<2.5,"Low risk appetite",IF(B4<3.5,"Moderate risk appetite",IF(B4<4.5,"High risk appetite","Very high risk appetite")))))
A5: Data & Privacy | B5: =IF(COUNTIFS(Questionnaire!$B$5:$B$39,A5,Questionnaire!$D$5:$D$39,">0")=0," ",AVERAGEIF(Questionnaire!$B$5:$B$39,A5,Questionnaire!$D$5:$D$39)) | C5: =IF(TRIM(B5&"")=""," ",IF(B5<1.5,"Very low risk appetite",IF(B5<2.5,"Low risk appetite",IF(B5<3.5,"Moderate risk appetite",IF(B5<4.5,"High risk appetite","Very high risk appetite")))))
A6: Reputation & Trust | B6: =IF(COUNTIFS(Questionnaire!$B$5:$B$39,A6,Questionnaire!$D$5:$D$39,">0")=0," ",AVERAGEIF(Questionnaire!$B$5:$B$39,A6,Questionnaire!$D$5:$D$39)) | C6: =IF(TRIM(B6&"")=""," ",IF(B6<1.5,"Very low risk appetite",IF(B6<2.5,"Low risk appetite",IF(B6<3.5,"Moderate risk appetite",IF(B6<4.5,"High risk appetite","Very high risk appetite")))))
A7: Third-Party Risk | B7: =IF(COUNTIFS(Questionnaire!$B$5:$B$39,A7,Questionnaire!$D$5:$D$39,">0")=0," ",AVERAGEIF(Questionnaire!$B$5:$B$39,A7,Questionnaire!$D$5:$D$39)) | C7: =IF(TRIM(B7&"")=""," ",IF(B7<1.5,"Very low risk appetite",IF(B7<2.5,"Low risk appetite",IF(B7<3.5,"Moderate risk appetite",IF(B7<4.5,"High risk appetite","Very high risk appetite")))))
A8: Innovation & Growth | B8: =IF(COUNTIFS(Questionnaire!$B$5:$B$39,A8,Questionnaire!$D$5:$D$39,">0")=0," ",AVERAGEIF(Questionnaire!$B$5:$B$39,A8,Questionnaire!$D$5:$D$39)) | C8: =IF(TRIM(B8&"")=""," ",IF(B8<1.5,"Very low risk appetite",IF(B8<2.5,"Low risk appetite",IF(B8<3.5,"Moderate risk appetite",IF(B8<4.5,"High risk appetite","Very high risk appetite")))))
A10: Metric | B10: Value
A11: Questions answered | B11: =COUNT(Questionnaire!$D$5:$D$39) -> 0
A12: Overall score | B12: =IF(B11=0," ",AVERAGE(Questionnaire!$D$5:$D$39))
A13: Overall label | B13: =IF(B11=0,"Not started",IF(B12<1.5,"Very low risk appetite",IF(B12<2.5,"Low risk appetite",IF(B12<3.5,"Moderate risk appetite",IF(B12<4.5,"High risk appetite","Very high risk appetite"))))) -> Not started
A16: Category | B16: Score
A17: =A2 -> Business Impact | B17: =IF(TRIM(B2&"")="",0,B2) -> 0
A18: =A3 -> Financial Exposure | B18: =IF(TRIM(B3&"")="",0,B3) -> 0
A19: =A4 -> Regulatory & Legal | B19: =IF(TRIM(B4&"")="",0,B4) -> 0
A20: =A5 -> Data & Privacy | B20: =IF(TRIM(B5&"")="",0,B5) -> 0
A21: =A6 -> Reputation & Trust | B21: =IF(TRIM(B6&"")="",0,B6) -> 0
A22: =A7 -> Third-Party Risk | B22: =IF(TRIM(B7&"")="",0,B7) -> 0
A23: =A8 -> Innovation & Growth | B23: =IF(TRIM(B8&"")="",0,B8) -> 0
A25: Inconsistency | B25: Finding
A26: =IF(AND(OR(Questionnaire!$D$5<=2,Questionnaire!$D$6<=2,Questionnaire!$D$7<=2),OR(Questionnaire!$D$19>=4)),"Shown"," ") | B26: =IF(A26="Shown","Low tolerance for outages or disruption is paired with high tolerance for delayed audit remediation."," ")
A27: =IF(AND(OR(Questionnaire!$D$15<=2,Questionnaire!$D$16<=2),OR(Questionnaire!$D$18>=4,Questionnaire!$D$35>=4,Questionnaire!$D$37>=4)),"Shown"," ") | B27: =IF(A27="Shown","Low tolerance for compliance findings is paired with willingness to launch or adopt technology before reviews are complete."," ")
A28: =IF(AND(OR(Questionnaire!$D$20<=2),OR(Questionnaire!$D$22>=4,Questionnaire!$D$23>=4,Questionnaire!$D$24>=4)),"Shown"," ") | B28: =IF(A28="Shown","Low appetite for sensitive-data risk is paired with higher appetite for sharing or expanding use of that data."," ")
A29: =IF(AND(OR(Questionnaire!$D$25<=2,Questionnaire!$D$26<=2,Questionnaire!$D$27<=2),OR(Questionnaire!$D$28>=4,Questionnaire!$D$37>=4,Questionnaire!$D$38>=4)),"Shown"," ") | B29: =IF(A29="Shown","Low tolerance for reputation damage is paired with willingness to take public or speed-driven cyber risks."," ")
A30: =IF(AND(OR(Questionnaire!$D$30<=2,Questionnaire!$D$33<=2),OR(Questionnaire!$D$31>=4,Questionnaire!$D$32>=4,Questionnaire!$D$34>=4)),"Shown"," ") | B30: =IF(A30="Shown","Low tolerance for vendor risk is paired with willingness to onboard quickly, rely on assurances, or continue with known weaknesses."," ")
A31: =IF(AND(OR(Questionnaire!$D$10<=2),OR(Questionnaire!$D$11>=4,Questionnaire!$D$12>=4,Questionnaire!$D$13>=4)),"Shown"," ") | B31: =IF(A31="Shown","Low tolerance for cyber financial loss is paired with willingness to reduce spending, rely on insurance, or accept uncertain costs."," ")
A34: Action Type | B34: Suggested Governance Action
A35: =IF($B$11=0,"Pending",IF($B$12<2.5,"Low appetite",IF($B$12<3.5,"Moderate appetite","High appetite"))) -> Pending | B35: =IF($B$11=0,"Complete the questionnaire to generate suggested governance actions.",IF($B$12<2.5,"Codify conservative cyber appetite statements with hard stops for outages, regulatory exposure, sensitive data, and third-party exceptions.",IF($B$12<3.5,"Adopt tiered decision rights so routine risks can move quickly while material exceptions escalate to a risk committee.","Document explicit risk acceptance criteria so higher appetite remains intentional, bounded, and visible to executive leadership."))) -> Complete the questionnaire to generate suggested governance actions.
A36: =IF($B$11=0," ",IF($B$12<2.5,"Low appetite",IF($B$12<3.5,"Moderate appetite","High appetite"))) | B36: =IF($B$11=0," ",IF($B$12<2.5,"Require senior approval for risk acceptance and define short remediation windows for critical and high findings.",IF($B$12<3.5,"Define key risk indicators for downtime, remediation aging, vendor exceptions, privacy exposure, and insurance reliance.","Pair innovation and growth decisions with minimum security guardrails, exception expiry dates, and compensating controls.")))
A37: =IF($B$11=0," ",IF($B$12<2.5,"Low appetite",IF($B$12<3.5,"Moderate appetite","High appetite"))) | B37: =IF($B$11=0," ",IF($B$12<2.5,"Use scenario exercises to confirm strict appetite levels are supported by budget, staffing, continuity plans, and executive decision speed.",IF($B$12<3.5,"Review appetite quarterly against incident trends, audit results, and major business initiatives.","Validate cyber insurance, incident response, legal readiness, and customer communications through tabletop exercises.")))
A38: =IF(TRIM(B2&"")=""," ",IF(B2>=4,"High category",IF(B2<=2,"Low category"," "))) | B38: =IF(TRIM(B2&"")=""," ",IF(B2>=4,"For Business Impact, require executive visibility for material risk acceptance because the category score indicates high tolerance.",IF(B2<=2,"For Business Impact, convert low appetite into measurable thresholds, approval gates, and remediation service levels."," ")))
A39: =IF(TRIM(B3&"")=""," ",IF(B3>=4,"High category",IF(B3<=2,"Low category"," "))) | B39: =IF(TRIM(B3&"")=""," ",IF(B3>=4,"For Financial Exposure, require executive visibility for material risk acceptance because the category score indicates high tolerance.",IF(B3<=2,"For Financial Exposure, convert low appetite into measurable thresholds, approval gates, and remediation service levels."," ")))
A40: =IF(TRIM(B4&"")=""," ",IF(B4>=4,"High category",IF(B4<=2,"Low category"," "))) | B40: =IF(TRIM(B4&"")=""," ",IF(B4>=4,"For Regulatory & Legal, require executive visibility for material risk acceptance because the category score indicates high tolerance.",IF(B4<=2,"For Regulatory & Legal, convert low appetite into measurable thresholds, approval gates, and remediation service levels."," ")))
A41: =IF(TRIM(B5&"")=""," ",IF(B5>=4,"High category",IF(B5<=2,"Low category"," "))) | B41: =IF(TRIM(B5&"")=""," ",IF(B5>=4,"For Data & Privacy, require executive visibility for material risk acceptance because the category score indicates high tolerance.",IF(B5<=2,"For Data & Privacy, convert low appetite into measurable thresholds, approval gates, and remediation service levels."," ")))
A42: =IF(TRIM(B6&"")=""," ",IF(B6>=4,"High category",IF(B6<=2,"Low category"," "))) | B42: =IF(TRIM(B6&"")=""," ",IF(B6>=4,"For Reputation & Trust, require executive visibility for material risk acceptance because the category score indicates high tolerance.",IF(B6<=2,"For Reputation & Trust, convert low appetite into measurable thresholds, approval gates, and remediation service levels."," ")))
A43: =IF(TRIM(B7&"")=""," ",IF(B7>=4,"High category",IF(B7<=2,"Low category"," "))) | B43: =IF(TRIM(B7&"")=""," ",IF(B7>=4,"For Third-Party Risk, require executive visibility for material risk acceptance because the category score indicates high tolerance.",IF(B7<=2,"For Third-Party Risk, convert low appetite into measurable thresholds, approval gates, and remediation service levels."," ")))
A44: =IF(TRIM(B8&"")=""," ",IF(B8>=4,"High category",IF(B8<=2,"Low category"," "))) | B44: =IF(TRIM(B8&"")=""," ",IF(B8>=4,"For Innovation & Growth, require executive visibility for material risk acceptance because the category score indicates high tolerance.",IF(B8<=2,"For Innovation & Growth, convert low appetite into measurable thresholds, approval gates, and remediation service levels."," ")))

Sheet Lists
A1: Value | B1: Risk Appetite Label
A2: 1 | B2: Very low risk appetite
A3: 2 | B3: Low risk appetite
A4: 3 | B4: Moderate risk appetite
A5: 4 | B5: High risk appetite
A6: 5 | B6: Very high risk appetite
